Country,1996,1997,1998,1999,2000,2001,2002,2003,2004,2005,2006,2007,2008,2009,2010,2011,2012,2013,2014,2015,2016,2017,2018,2019,2020,2021,2022
GE,,,,,0.00244684234994739,,0.00376435159043855,,,0.0235336712527154,,0.00467761018096091,0.00585445816989638,0.0454244729092519,0.00290527992018725,0.00228227999771772,,,,,0.000254044386635233,0.0166830352846061,0.00699665831244779,0.0101278638814016,0.00215387266304816,,
AZ,0.01469076815389,,,,,0.0125580060278429,,0.0112892300745089,0.0108949769616633,0.00905141202027516,0.000625030626531327,0.0184332147300867,,0.00541995627901935,0.00463656421472699,0.00674721847125278,0.0204061584770583,0.00405335892514395,0.000921092727056303,,0.00497201447036826,0.0102389843885349,0.0231846282372598,0.0121668210916442,0.00338466011889377,,0.00650708865083819
TW,1.28245923314235,1.59237765477555,1.41955658423681,1.58651278791139,0.773383248917272,1.13122757498924,1.04275362318841,1.05058026642583,1.43417618085662,1.31392559739319,1.43121062303115,1.36363100565366,1.61103955662237,1.54820689779769,1.47307087218449,1.71027786758972,1.35936584770583,1.27313527497288,1.03971806077508,1.00861114250198,0.986799853670433,1.01773277637683,0.787852965747703,0.852261623989218,0.605197294735935,0.72255867110236,0.642710036358313
XK,,,,,,,,,,,,,,,,,0.00929757159127888,,0.000510143350281429,,,,,0.000350966559973046,0.000717956836391833,,
CU,0.0224682290721489,0.00914388822511034,0.0138059934218541,,0.00550539528738163,0.0047840022963211,,0.0436893203883495,0.0226978686701319,0.0113789147356988,0.000729202397619881,0.0333980921612713,0.0158070370587202,0.0221616592292822,0.00703478377652431,0.00618117499381882,0.0212196957370648,0.00166903112743053,0.00529037359498019,0.0182694843108449,0.00722616047475815,0.012068047508133,0.00995183792815372,0.103384433962264,0.0381138537089687,0.00452621811845113,0.00417783851052927
GH,,,,,,,,,,,,,,0.019873173023071,0.0594758451325736,,,,0.00510143350281429,0.00376690398161751,0.000406471018616373,,0.00417710944026734,0.00242166442048518,,0.00339466358883835,
TZ,,0.00406395845017191,,,,,,,,,,,,,,,,0.000715298339314028,,0.00926031189964968,0.000677451020242257,0.0153997189551291,0.0121832289055973,,,,0.000187704301993607
ER,,,,,,,,,,,,,,0.000903326046503225,,,,,,,,,,,,,
CY,,,,,0.000815613301035014,0.00257140123427259,0.00235271974402409,0.0451569202980357,0.0158885080690923,0.0203656770456191,0.00125006344067203,0.00191002161053022,0.0695378881017895,0.0068968220989684,0.00955550439353824,0.00661136575438864,0.0350349821021803,0.0375949261453726,0.0146322036492254,0.0296509963461031,0.0379857328672466,0.0133143467631716,0.0610173350041771,0.0127400606469003,0.00863715861118291,0.0164524407631204,0.0470171542910129
ID,0.000942721592823996,,,,0.0149257383346791,,0.00548967156032373,,0.00329119095716912,0.0293792994207096,0.0122506125306265,,0.00333766563237906,0.00765677223537064,0.016116035455278,0.0038037999961962,0.00538968434754312,0.000333806225486105,0.00170047783427143,,0.00508088773270466,0.0113435484802402,0.00116030910609858,0.00842318059299192,0.00796932885327819,0.00932185937040306,0.0163926209706937
CZ,0.305586809426283,0.134282509570603,0.144504568156901,0.286236490781945,0.942433140032788,0.304422810122949,0.32404714850367,0.962684578911718,0.555425925505595,0.264984612599566,0.558916695834792,0.67997205911244,0.574201354331323,0.763306895991039,0.844345957561107,0.951096445348904,1.44024365440937,1.19946591003922,2.00409815158059,1.62550005650356,1.61116575888139,1.27898130859112,1.24862364243943,1.17783650606469,1.12793357456707,1.4187657003191,0.900292818623264
IE,0.26413035024499,0.163301065567775,0.153449384821537,0.425311751185877,0.372940370451932,0.285937425249964,0.438765763222285,0.28241815308196,0.511335315613864,0.543874456915279,0.323306790339517,0.2538167688983,0.390125480553442,0.429654387454608,0.622270826138675,0.721997375378003,0.458159778717865,0.598197446382375,0.451129967520873,0.343240290804987,0.382873343630599,0.37486573370036,0.402422723475355,0.358789588948787,0.297467045748255,0.286172403648132,0.356828774310046
ES,4.38493246571436,4.96486308551364,4.99013278109392,4.32788889432246,5.66321661895324,5.59426876524901,6.43214756258235,6.59464890494468,5.8925482897156,5.9836169442433,6.78843629681484,7.54644081115889,6.46788829693812,5.9626203681957,6.36289858409117,6.02268966697731,6.03864301985031,6.07772677960444,5.60293842569762,5.07673183410555,4.98920819445574,4.44349265625902,4.41457811194653,4.18893194070081,3.84358576720944,3.39124629415892,3.48551767892438
ET,,,,,,,,,,0.00678855901520637,,,,0.0201139997470687,,0.00475474999524525,0.00203384315001627,,0.0170047783427143,,,,0.000522138680033417,0.00421159029649596,0.0102308951494788,0.0072670921311698,0.0129560528049584
GN,,,,,,,,,,,,,,,,,0.00101692157500814,,0.000485850323941027,0.000941725995404377,,,,,,,
GP,,,,,,,,,,,,,,,,,,,,,,,,,,,
ZM,,,,,,,,,,,,,,,,,,,,,,,,,,,
GR,0.284530630233583,0.250786374387359,0.275707150688269,0.571018142696464,0.235677408304583,0.284026216332584,0.346924995294561,0.176783924136374,0.330378827428105,0.365876176683563,0.431090304515226,0.74196590338565,0.525390785082841,0.259695398457119,0.379141245539312,0.267165598432834,0.243227302310446,0.44937995493616,0.254532623667251,0.236989113647493,0.316317779042354,0.180375753142505,0.385060568086884,0.265475488544474,0.172070517790988,0.504723108606604,0.380034650203753
KE,,,,,,,,,,,,,,,,0.00779778999220221,0.0437276277253498,0.00175248268380205,0.00133608924107674,,,,0.012531328320802,0.00620038746630728,0.0204617902989575,0.00767841220268405,0.018423171713721
IL,0.437352552303425,0.197936894979396,0.449755146790108,0.295589026358257,0.470013947001395,0.318837009041764,0.600150574063618,0.567265748475954,0.533670018385274,0.768507874728458,0.630381519075954,0.495610224618541,0.517251136740628,0.372674387093277,0.406716933348682,0.431911980068088,0.446674666449723,0.669558541266795,0.317378883466254,0.499596941273967,0.437005121534835,0.381553061656625,0.581685463659148,0.400591728436658,0.401395709485655,0.252209925996334,0.518837998096679
IN,3.0128068856454,3.27065909146327,2.31273723961506,2.38745904445205,3.05434436859233,2.76029756494283,3.14876246941464,3.7862271393091,3.96406927389518,3.87380068790731,4.49938746937347,4.43135928052215,4.0547001541674,4.02583512492999,5.14491001880204,5.43253009756747,5.71172307191669,5.61697404656597,7.23194517659462,7.25449203299808,6.95813348508251,7.11592138443473,6.62441520467836,7.40957715633423,6.84530886533988,6.53518003032566,8.86530343329836
KH,,,,,,,,,,,,,,,,,,,,0.00565035597242626,,,,,,,
MA,0.0247459103518005,0.00871717344127185,0.00967579485930077,0.00366766101031835,0.022674080598987,0.0199333349280008,0.0478385563711651,0.0230300293519982,0.00953310484145539,0.0513855448950036,0.0428771438571929,0.0144797755997468,0.00487871514158031,0.00737715669093603,0.0339793177544991,0.0109102683580897,0.0211922388545395,0.0156711841775849,0.0104660329552604,0.005628074735375,0.00345500365823917,0.00153997189551291,0.00297535505430242,0.0354215801886793,0.0375674162143534,0.0454201461968452,0.0422378663282985
IQ,,0.0463290336738924,0.0414179559020587,0.041566824783608,0.0330323717242898,0.0621920298521743,0.00784239130434783,,0.0232653153868852,,,,0.00117089163397928,0.00225831511625806,0.0359732934269598,0.0418417999581582,0.0315245688252522,0.0758693148627222,0.0500022106211846,0.0446378121821675,0.0665256889683766,0.0876500028874473,0.166597117794486,0.227526954177898,0.290195571637805,0.376746554416457,0.428649862131232
MD,0.0116661913773883,0.0219453317402648,0.000348049701547083,,0.00897176343928161,0.0788133282303976,0.0637530585356672,0.0464470535109506,0.105230950813719,0.0473812002172339,0.124146832341617,0.036199384427321,0.0859598384169545,0.0891700240284728,0.0518905644449561,0.0761303942638696,0.0397390579238529,0.0563655178169073,0.0571729556005237,0.0122962481636343,0.05941244614259,0.0653204104025102,0.0261814954051796,0.108891298854447,0.0664161712759542,0.0827112046529522,0.0577967838754545
IR,,0.0146302211601765,0.0360986721890608,0.076531859748643,0.130294355134699,0.117208056259867,0.25075992847732,0.239557462181079,0.187995097260367,0.721942885590152,0.572412058102905,0.704461810482199,0.581021798099253,0.574515365576051,0.69989831549058,0.873614941326385,0.764413846404165,0.944711674872736,0.933006274763209,0.843697969638754,1.1071965693846,1.03851854703652,1.02101921470343,0.903337685309973,0.831808391487895,0.697886256138683,0.674500378224055
ZW,,,,,,,,,,0.000905141202027516,,,,,,,,,0.000340095566854286,,,,,0.000842318059299191,0.000717956836391833,0.00226310905922556,
IS,,0.00438906634805296,,,0.00815613301035014,,,0.00150523142921653,,,,,,,,,,0.00500709338229158,,0.00452028477794101,0.0274367937566052,,0.00663116123642439,,0.0448774446454726,0.0557856383099102,0.0128108147678192
ME,,,,0.00366766101031835,0.000815613301035014,0.00364495526957853,,0.000752614585685256,0.00142672220078535,0.00181028240405503,0.00247928333916696,0.000873152736242387,,,,,,,0.00340095566854286,0.00188345199080875,0.00566155190634908,0.00128331055458238,0.00371299081035923,0.00175482858827493,0.0025128586197984,0.000502912621359223,
IT,3.73745884426931,3.1545926702592,3.40248507735412,3.26434055455035,4.48259071668012,3.48954695498254,4.90796160361378,3.93059381350192,4.2405974079034,4.47114862418537,3.64055390269514,3.86756455873044,3.15838260835626,2.96639627107008,3.03683665246921,2.47931683752068,2.44225919297104,2.47557372945005,2.4315472647814,2.20659584887181,2.26241768961873,1.9174016824193,2.59160401002506,1.81025311657682,1.99419746704575,2.0588996763754,1.84380566604036
MG,,,,,,,,0.00406412282682321,,,,,,,,0.00202076874797923,,,,,,,,,,0.000323300970873786,0.000305019399233791
MK,,0.00243837019336276,,0.0317863954227591,,0.00179400086112041,,0.00677353804470535,0.00151319200127108,,,,,,,,,,,,,,,,,,0.000174296869280886
KR,0.418772198169704,0.574399551339884,0.482787184797174,0.878079612694997,0.921177420538795,0.876390948667655,1.09619329945417,0.859047188981712,0.882872188301519,1.1116966871832,1.24593979698985,1.17997424199428,1.26046484397869,1.15841448212318,1.62632861363724,1.38792673881207,1.85121420436056,1.42536593507469,1.64481779380006,1.87558481184315,1.79298227786359,1.27785712910739,1.70010442773601,1.52387129380054,1.10316188506935,1.44720619186639,1.36338059100559
ML,,,,,,,,,,,,,,,,,,,,,0.00203235509308186,,,,0.00117484061342293,,
MN,,,,,,,,,,,,,0.000557566887184591,0.00108399125580387,,0.00507173966792826,,,,,,,,,,,
MO,,,,,,,,,,,,,,,,,0.00305076472502441,0.00064906784611533,0.0397345554100702,0.00242157305910272,0.0325853589139094,0.020853721919575,0.0221585213032581,,0.00172309813043853,0.101773598569715,0.00756448110099802
QA,,0.00650232864353466,0.00243635034717992,,,0.0203320097593647,,,0.00283723358376648,,,0.0267403025474231,0.0243935757079016,0.00135498906975484,0.0157323203253904,0.00931930999068069,0.0332193703221608,0.0108937327881165,0.0288676518101587,0.0239825592345651,0.0332434354930493,0.0272224681899555,0.00232725563909774,0.0106292537061995,0.00642487292151288,0.0166473170842103,0.00806993484785632
KW,0.00604912762813367,0.0195069615469021,0.00771511755390425,0.0238397965670693,0.0012234211749737,0.000598000287040138,0.0104142433653303,,0.00103172027146651,0.000754283580738595,0.0831291564578229,,0.00696959584723767,0.0126465646510451,,0.0112212099887788,0.0298297673283436,0.0324905282483518,0.011984321594368,0.032454514634422,0.0191041378749695,0.016453868216905,0.00208855472013367,0.0531012045148248,0.0231181614542948,0.0480532735872542,0.0140134696566702
MR,,,,,,,,0.00225784601490178,0.00113489343350659,,,,,,,,0.00325414904002603,,,,,0.000549989412693218,,0.00526448787061995,0.002871823037822,0.00775922782718899,
KZ,,,,,,,,0.000846692255588169,0.00302637492339469,,0.0153132656632832,0.0130972910436358,,,0.00383715129887571,0.0076075999923924,,0.0005563431527998,0.0117487543999864,,0.0089423624095602,0.00622404666114843,0.000696184210526316,0.0153422127695418,0.00381823468596537,0.00226310905922556,0.00637768722090725
MT,,,,,,,,,,,,,,,,,,0.00166903112743053,0.00396777594504056,0.00188345199080875,0.00406471018616373,0.0057748946081734,0.00835421888053467,0.00210579514824798,,0.0120699074388395,0.00183011639540275
OM,0.00115221528011822,,0.00292362041661591,0.00655733776712798,0.00524324059800827,,0.0213985507246377,0.0104967035448182,0.0136943731983567,0.00890054761042723,0.00875043752187609,0.0109144092030298,0.00195148605663213,,0.01598812401673,0.001729000171171,0.0210685811910185,0.0173579237252775,0.0353133130409645,0.001506761592647,0.0449150475571092,0.0134907890431,0.024671679197995,0.0231786977762803,0.0253896355647454,0.030569850861113,0.0109603718796515
MU,,,,0.0195608587216979,0.0293621081993687,,,,0.0317770161381846,,,,,,,,,0.0273721104898606,0.00113365245634023,0.0132155610803481,0.00508088773270466,0.00317771275674219,,0.00140386413409704,,0.00181048724738045,
SA,0.0492572524823063,0.0325115212991636,0.0267998538189792,0.0713157122597682,0.0273231544691576,0.0105931445247094,0.0703856107660456,0.110069993226462,0.0514485779785278,0.0143942568790731,0.0578570178508926,0.0918888476566764,0.0400054641609586,0.0573310328630016,0.0770214113042477,0.203817113296183,0.155871298405467,0.277526495869148,0.335114867277705,0.352173503597393,0.447408747256321,0.351423511520915,0.423139097744361,0.58498778638814,0.628329887137072,0.701418969380134,0.675305629438032
MX,0.131547196225339,0.167362658798859,0.260187598976733,0.347916768546139,0.45161613937214,0.345974262067646,0.435533126293996,0.40458794310228,0.649719681321924,0.555881154960174,0.463622243612181,0.46808190172666,0.515838260835626,0.4784809669202,0.648674264226238,0.354926871945073,0.620641474129515,0.584980388884253,0.481449487305933,0.549009304252835,0.673431021868141,0.65855358139714,0.812454051796157,0.817393867924528,1.03481519772551,0.452022087944418,0.613054830287206
SD,,,,,,,,,,0.00197999637943519,,,,,0.00575572694831357,,0.0017432944191344,,0.00680191133708572,,,,,0.00280771984501348,,0.00814719261321203,
MY,0.0388873045912944,0.0315478773987467,0.0292362041661591,0.0438314832021126,0.0416313097947099,0.0748526527292733,0.0890372670807453,0.10533935425604,0.0445336722881721,0.035855358435916,0.019214495099755,0.0472362533016088,0.0570995062740277,0.0857858033278532,0.0438714938030007,0.100667186519333,0.153987552879922,0.216970708503714,0.349230533779992,0.217642294797906,0.184644337858711,0.174462838553196,0.13409022556391,0.183402122641509,0.135698931679159,0.128429628623803,0.132860593933774
MZ,,,,,,,0.0141163184641446,,,,,,,,,,,,,,,,,,,,
BA,,,,,,,0.00168051477507999,,,,0.00273451172558628,,,,,0.00316983966983016,,0.0100141867645832,,,0.00406471018616373,0.0133647615931009,0.00522138680033417,0.00379043126684636,,0.00874383868558626,
SE,0.27998859305732,0.563358611104338,0.29276891216957,0.495606142109639,0.329472216105116,0.703898961871502,0.467772444946358,0.460767667645067,0.604609937126904,0.766023262128892,0.622967710885544,0.518148479622798,0.496608317233573,0.411371068273383,0.367648977399179,0.477133456322867,0.460525138301334,0.316997413001753,0.246657710816739,0.483062116246657,0.366897000243883,0.445217424781998,0.278694653299916,0.206782766172507,0.645071939346946,0.313320659922602,0.421080500719846
BB,,0.000696676501426447,,,,,0.00470543948804818,0.00225784601490178,0.00907914746805275,,,,,,,0.0104604499895396,,,,,,,,,,,
SG,0.145697767868716,0.164102314013314,0.131441101230357,0.163047826299575,0.381541021311997,0.324833755920203,0.471734424995295,0.576922555881689,0.744208638808816,0.455383327299059,0.734198897444872,0.83843618344939,1.77552055890561,1.76983613665516,0.925229269790108,0.908994085091006,1.39283477058249,0.968263373111909,1.77856377642117,1.17726861792293,0.708970815380863,0.63272247781478,0.731819131161236,0.488698197439353,1.35566253123115,1.1672030235137,0.269676191405773
UA,0.0786819796230524,0.0828233888468948,0.0462326714581557,0.103049537874713,0.181040152682963,0.273231115150935,0.236267174854131,0.223744411831113,0.214019338584107,0.193064355539464,0.169360124256213,0.188310012879003,0.135395663797982,0.212558038698488,0.175659990023407,0.206725118393275,0.175096404165311,0.161708920971376,0.219162684714405,0.209343805326402,0.165287375010162,0.195899824828197,0.153244987468672,0.107442090633423,0.133744938399242,0.136488107361894,0.133581171762524
BD,0.0201473310346616,0.0139799809807125,0.0342017298087465,0.0113289891926256,0.0240606082850082,0.0186576089556523,0.0480964144551101,0.0280975389478438,0.0414108995165354,0.108277516292542,0.0258137906895345,0.116638580253651,0.0772230353414125,0.082540694838395,0.0350871033344845,0.0587732745012267,0.117091197526847,0.0454929483434866,0.0846055741663407,0.0933265529061664,0.130128851312901,0.0731532849525496,0.130738095238095,0.0987910630053908,0.118824847075041,0.212091112770724,0.145929089090066
SI,0.0277396106084567,0.00528314354685328,0.0063345109026678,0.00489021468042447,0.0690009542685165,0.031414868679137,0.0373689535102579,0.0350986678708512,0.0594541162584833,0.0845175597393193,0.0432965085754288,0.0475687062059331,0.087231426731456,0.0243999205073079,0.0887226123326043,0.114535080545465,0.0403394484217377,0.0737910373028457,0.125764789905964,0.117388405469545,0.0882763596455573,0.120345531194056,0.0925048036758563,0.107332589285714,0.0959937968467304,0.0675352479235974,0.181150045142871
BE,0.341220542866772,0.365192265489747,0.188785235716896,0.368150031786395,0.22045462330862,0.30459025020332,0.322226143421796,0.409846466470987,0.248049118187802,0.370182385952209,0.179600323766188,0.252260374145948,0.112376129422555,0.365556177846832,0.296659759794329,0.261174613438825,0.253408721119427,0.363321371943587,0.27283316611968,0.404169962707651,0.608214779286237,0.296921981173844,0.347577276524645,0.242029565363881,0.501643404841906,0.346352999751058,0.390519997071814
BF,,,,,,,,,0.00151319200127108,,,,,,,,,,,,,,,,0.00107693633152408,,
SK,0.0681391128509579,0.0280005364414425,0.0744421975880132,0.06453909726637,0.114002544716044,0.0702451801176865,0.0907420478072652,0.0549221043124859,0.178559366275507,0.0626092958001448,0.0600083129156458,0.0674060815088079,0.133862576351892,0.0826751097541147,0.149861286980546,0.101981779798018,0.0755550357956394,0.153381957773512,0.122344108694543,0.20223565751309,0.140563368831802,0.161697241525342,0.168315580618212,0.236097540431267,0.190554191436202,0.214445651435943,0.139924599204509
BG,0.0925888574909911,0.0283053327156129,0.016140821050067,0.0226172428969632,0.0167725170667254,0.0885040424819404,0.0423489553924337,0.0320614134116053,0.0736060103956239,0.0404297157856626,0.0338350980049002,0.0743998166379254,0.0566580801280175,0.0489945981102419,0.0403814128391083,0.0105691245554309,0.0418390009762447,0.00861405324209297,0.0358232863434625,0.0276016122349041,0.110787537598569,0.0477841729388439,0.0309801587301587,0.0766509433962264,0.0418260532437322,0.098372371964605,0.0721356238256753
BH,0.0129624348637648,,0.0207089779510294,,,,,,,,,,,,,,,0.000715298339314028,,,0.000338726526298675,0.00192496486939113,,0.00421159029649596,,0.000822947925860547,0.00107503233205632
BI,,,,,,,,,,,,,,,0.0100725221595488,0.0057056999942943,,0.00166903112743053,,,,,,,,,
UG,,,,,,,,,,,,,,,,,,,,,,,,,,,
SN,,,,,,0.00287040137779266,,0.00903138405960714,0.00453957373402638,,,,,,,0.0019018999980981,0.0157622844126261,0.00923530000834516,0.000850238917135715,,0.0110424558978945,0.00274994706346609,0.00591756474519633,0.00909320249326146,0.00165130309296114,0.00169733179441917,0.00951660525609429
SO,,,,,,,,,,,,,,,,,,,,,,,,,,,
DE,12.1932958286885,12.931676867182,13.7918625898404,12.403075945034,11.5224497785608,12.1929148925991,12.0431724073028,11.1366899977422,10.8657648046848,9.49040550325851,8.77795764788239,9.37921023335007,9.40821185332631,10.0964571552456,9.08251793868232,9.33585652066414,9.68495769606248,9.98639739631144,10.3756015440339,10.4258673296418,9.61011299894318,10.8076382606017,10.1457811194653,10.7737954851752,11.0813302317567,12.8538484169552,11.4005514750738
BN,0.0250607160449019,0.000975348077345103,0.00422299914727738,0.00163007237517727,,0.00940852987609434,,0.00587039963874464,0.0120298703951699,0.00927769732078204,0.00853167658382919,0.00130972910436358,0.00536658665573835,0.00812993441852902,0.00479643912359464,0.0352169116947831,0.0380668320859095,0.00567470583326379,0.00838092403965514,,0.00580672303064791,0.00307994379102581,,0.000323968160377359,,0.00905243623690226,
BO,,,,,,,,,,,,,,,,,,,,,,,0.0012531328320802,,,,
SS,0.00259248697275296,,,,,,,,,,,,,,,,,,,,,,,,,,
DJ,,,,,,,,,,,,,0.00078059442265285,,,,,,,,,,,,,,0.00162677094263195
DK,0.026349000596272,0.110458169759333,0.0803995614569375,0.0461311066555822,0.101788641757812,0.326826292876621,0.299552983248635,0.281515014675999,0.176942597090133,0.217739862418537,0.201460666783339,0.177832180044094,0.183318892336514,0.294616176762841,0.214324085798703,0.450664714049335,0.537347461763749,0.649026120337144,0.949109799853759,0.157136964628772,0.213230631655963,0.392205817243835,0.423790726817043,0.284010697439353,0.496263030929612,0.11848643266119,0.163137551548278
BR,0.309221476162082,0.2097868864451,0.313984650992813,0.354281382952712,0.392206807115418,0.558319379993302,0.45698051948052,0.606130051930458,0.610436480014527,0.830482892831282,0.711537451872594,0.452561611839951,0.468645473528092,0.388385033694062,0.404428072598903,0.446176230053824,0.532360478359909,0.501154969540182,0.718744367167174,0.567035823256865,0.756546215754817,0.896194344453214,0.724628237259816,0.866296748652291,1.02331782545016,0.697114535949487,0.794475488641078
SY,,,,,,,,,,,,,,,,,,0.00250354669114579,0.00510143350281429,0.00470862997702189,,,,0.000902482732479784,0.00242310674592918,0.00301747120193722,0.00162677094263195
DO,,,,,,,,,,,,,,,,,,,,,,,,,,0.00480910675085432,
SZ,,,,,,,,,,,,,,,,,,,,,,,,,,,
YE,0.0194436522956472,,,,0.0012234211749737,,,,,,,,0.015611888453057,0.0072266083720258,,,0.0122030589000976,0.00333806225486105,0.017976431377217,0.00753380796323502,0.000812942037232745,0.0105873067816512,,0.00315869272237197,0.0012923235978289,0.00226310905922556,0.0108935604304434
US,20.7796645321857,19.1085074736046,19.3116335729078,19.2816763655925,19.9428417627052,19.7170501841841,20.2327545642763,19.9893429668097,19.057039743968,19.5167677407676,18.6837810640532,17.6121018969243,20.5936420584275,18.4417625697819,19.0952956525076,18.0575514939424,17.1985030914416,16.1506634398732,14.1882769058105,14.2229065431122,15.2789000894236,15.8674084197963,14.3670634920635,14.4532092318059,14.7077625570776,13.9192070065856,12.5121885751934
BW,,0.00975348077345103,0.0097454013887197,0.00244510734021224,0.0110107905747633,0.0221260106204851,0.0117635987201205,0.00677353804470535,0.00453957373402638,0.00905141202027516,0.0853167658382919,,0.00683020119821244,0.00951504037867428,0.00434877786731131,0.00316983966983016,,0.00667612450972211,,,,,,,0.00646161798914448,0.0140312761671985,0.00976062077548132
FI,0.173472636300003,0.158047109312136,0.243118772079425,0.256198347107438,0.265046857031002,0.381409367076496,0.26740542066629,0.24677128019869,0.292929613909254,0.409440622737147,0.413285351767588,0.387315273624239,0.572464531740921,0.500569095409297,0.33535743064349,0.200490690199509,0.316122274650179,0.341440373862973,0.29690683081946,0.312031491317286,0.362279489472401,0.26064024331556,0.189793650793651,0.269541778975741,0.241121736882915,0.254602032271935,0.203556770210585
FJ,,,,,,,,,0.0499353110742901,,,,0.00195148605663213,,0.00319763247764859,,,,0.0136038226741714,0.00941725995404377,,0.00384992973878227,,,,0.00226310905922556,
BY,0.0325357115080497,0.0365755529004413,0.00243635034717992,0.0146706440412734,,0.0562916806200067,0.0445056935817805,0.00602093023255814,0.0220925846063055,0.0384685010861694,0.0382831641582079,0.0182686472681234,0.0395501824639463,0.0882851258333183,0.0564072752388627,0.0152151999847848,0.0124936137325089,0.0688767420512393,0.0143784923563521,0.0862963800052737,0.0506021868140802,0.0211517064813567,0.121628863826232,0.0184708347371968,0.0163548935986904,0.0917312784303076,0.0675373953783461
D,,,,,,,0.00235271974402409,,,,,,,,,,,,,,,,,,,,
UY,0.008348430249138,0.0270659091463266,0.0112072115970277,0.0384901462174189,0.0349489833370036,0.0381124718939865,0.00141163184641446,0.0377525400767668,0.0300746759879247,0.00678855901520637,0.0135944390969548,0.0589897622841676,0.0325837675389809,0.0187053531101516,0.0201358351559802,0.0219155936780844,0.0278858200455581,0.0620048401902696,0.0465915622289864,0.025859230798207,0.0339693927322982,0.0215778937034399,0.0489070593149541,0.0488845603099731,0.0292840527268028,0.0477301016135968,0.0427027158927308
UZ,,0.00487674038672551,,,0.00069909711517287,0.00239200114816055,0.00548967156032373,0.00225784601490178,,0.00323264391745112,,0.00181906747287769,0.00162623773003142,0.00100369641018229,,0.0095094999904905,,0.00667612450972211,0.00765215025422144,0.00753380796323502,0.0167669295179254,0.0250245433020847,0.000417710944026734,0.0173728099730458,0.00689239252175411,0.00905243623690226,
FR,3.71028958079486,3.41035331984102,3.56274820319162,3.59088463983569,3.87168758716876,4.29239822035115,5.21198004893657,4.97967938586588,4.30256258937286,4.74914011585807,5.15427021351068,5.51777957259174,4.23209023671526,4.67762100052393,4.7805341314608,4.44536792255463,4.64369101854865,4.63316364850205,4.61613413369157,3.96803781971598,3.72453459068368,3.88704306146413,3.75210944026734,3.17865566037736,3.97686740759886,3.92656211102813,3.31399917034723
HK,0.213880175252119,0.585750164589988,0.458886587891339,0.470421536505453,0.755751302943551,0.608599244127637,0.570583945040467,0.696714834048318,0.606804821027306,0.474728457639392,0.285830854042702,0.439344262295082,0.301760240423082,0.505062239164604,0.468696519703772,0.587278190912722,0.174718719492353,0.371633146958191,0.459421497440781,0.320113383809847,0.404318754572799,0.436778378794587,0.449122807017544,0.68638182277628,0.642881450848626,0.423715119831625,0.525760718381689
DZ,,0.0170685913535393,0.0253380436106712,0.0293412880825468,0.0253859893807042,0.0586324929435966,0.00862664690382082,0.000903138405960714,0.00794425403454616,0.0176179172700941,0.00566956160308015,0.0148435965161206,0.0282965478211658,0.0466707015230077,0.109349602854841,0.0854904049145096,0.00569476082004556,0.0036162396728699,0.0208592514496574,0.0328347835913663,0.0434875213397285,0.0980802325357562,0.0660104427736007,0.0739668969002695,0.082719048849832,0.0482802634258945,0.100508284326883
LB,,0.0134110360634952,,,,,0.0211744776962168,0.00225784601490178,0.00226978686701319,0.00169713975380159,,,0.105380247058135,0.036133041860129,0.0479643912359464,0.0019018999980981,0.0230501545720794,0.00433305516147876,0.0153043005084429,0.012014144724451,0.0145168279001707,0.00927815742362702,0.025405806182122,0.021637045148248,0.00890150340311881,0.0112616606694277,0.0173599716941997
HR,0.108884452855624,0.0560825144473434,0.0372006334510903,0.0635727908455181,0.0596564633340674,0.0516672248002679,0.151162243553548,0.102038609166855,0.0980690923122319,0.0791998551774077,0.0656282814140707,0.104154679007225,0.109315808988545,0.125261151560044,0.115379494263459,0.0654706251545294,0.114502115196876,0.123190353000083,0.0959292261125376,0.101706407503673,0.140838143240387,0.300307994379103,0.168218253968254,0.368851078167116,0.232532092702679,0.168987485006903,0.274383250774749
JM,,0.0352403013825559,,,0.00183513176246054,0.0047840022963211,0.00705815923207228,0.0496726123278393,0.00226978686701319,0.0158399710354815,0.00437521876093805,0.00174630547248477,0.00650494701715356,0.019873173023071,0.0211043321438164,0.0095094999904905,0.00813537260006508,0.00667612450972211,0.0339529307735474,0.00979395035220552,0.00731647833509471,0.00144372365204335,0.00417710944026734,0.00473803908355795,0.0171232876712329,0.00169733179441917,
HU,0.105897907863013,0.126023018214625,0.159093677670849,0.163441733092083,0.321265506863393,0.569461321341434,0.225589356295878,0.343296455181757,0.295696484100143,0.333472121650978,0.267358680434022,0.276029774508306,0.193779443045879,0.239189897201496,0.179408119412148,0.239717377660283,0.217836804425643,0.390197780188601,0.202518407672556,0.292065016762723,0.235112998943175,0.242961365955071,0.372744360902256,0.205068648921833,0.280315757732403,0.456240523230814,0.34321270832825
NAM,,,,,,,,,,,,,,,,,,,,,,0.0014971953261853,0.000522138680033417,0.00561546074797844,0.000358979495132248,0.00226310905922556,0.00488031038774066
JO,0.0456277707204521,0.0682743654141572,0.00182726276038494,,0.0362947466294747,0.0334880160742477,0.157514586862413,0.0792503951230526,0.0283723358376648,0.00311142288196959,0.134621324816241,0.0860419986466133,0.101444685127725,0.0238246824808947,0.0642402440428226,0.0288953764811046,0.0960313618613733,0.068685304180923,0.0573790535140374,0.040111877048254,0.076673034712625,0.116167587441529,0.129268379281537,0.12704957041779,0.106606358232101,0.115493923552176,0.0682113662428931
LI,,,,,,,,,,,,,,,,,,,,,,,0.00134264202172097,,0.00016568256224692,0.00178991332292303,
JP,5.14193866175823,6.60178976372193,7.68585698623462,6.63607022348281,9.17311409625878,9.48930775486772,8.98430735930736,8.30711221494694,8.48178496039222,8.4787518102824,7.92299614980749,8.48946759511908,7.60306773608103,8.82179183754584,6.87794021718276,6.08254245991746,6.4369101854865,7.28293415672202,6.28023874708793,6.74226842957773,6.37433948459475,5.49948988430961,5.76215538847118,6.01806772237197,5.36518911001982,5.67268653676421,4.85373709767941
NC,,,,,,,,,,,,,,,,,,,0.00170047783427143,,,,,,,,
LK,,,,,,,,,,,,,,,,,,0.00111268797463073,0.00195554950941214,0.000470862997702189,0.000812942037232745,0.00641654314808755,0.0012531328320802,0.0152670148247978,0.0198976910485052,0.00452621811845113,0.00488031038774066
NG,0.151617193373603,0.0463290336738924,,,0.016720081235166,0.0198194278333254,0.0470543948804818,0.0530593813501919,0.0321553896089157,0.00452570601013758,0.00317203360168008,0.00436576368121194,0.00469285560954667,0.0516400787700313,0.0533043628410268,0.00944610966355389,0.00406768630003254,0.0194720854543937,0.0438641658305984,0.0383971823558218,0.0439102511990895,0.0506265760649868,0.037593984962406,0.0310002526954178,0.0714573102438184,0.0840534546359789,0.0343712940142993
PA,,,,,,,,,,,,,,,,,,,,,,,,,,0.00237282458641682,0.000759159122520192
LS,,,,,,,,,,,,,,0.00180665209300645,,,,,,,,,,,,,
PE,,,0.00194908027774394,,0.00163122904891238,0.00717600344448165,,0.0109129148792052,,0.0054308472121651,,,,,0.00341080541805763,,,,,,0.00812942037232745,,0.00112460735171261,0.00263224393530997,0.00215387266304816,,0.00244015519387033
NL,1.82066730614679,1.74213503694131,1.36768181264466,1.17985476062399,1.41352125082581,1.12179352246089,1.37484001505741,1.17658613682547,0.954497582676987,1.11153376176684,0.881619705985299,0.742529086900526,0.94483734363718,1.2184459178696,0.990426307509305,0.686182696513817,0.438423364790107,0.650848702328298,0.782403455370959,0.586746148340679,0.491563694008617,0.521255462087817,0.444089390142022,0.495064016172507,0.518648229516671,0.395530359608029,0.512410629316025
PF,,,,,,,,,,,,,,,,,,,,,,0.00057748946081734,,,,0.00135786543553534,
LT,,,,,0.00489368469989479,,,0.00526829984195078,0.0234543886329074,0.00282856625633599,0.0093754593979699,,,,0.00409295499021526,,,0.00296573479095385,,0.0131841639356613,,0.00192496486939113,0.00493659147869674,0.00982705104447439,0.0219443008529336,0.00113155452961278,
PG,,,,,,,,,,,,,,,,0.00095094999904905,,,,,,,,,,,
LU,,,,,,,,,,,,,0.000390297211326425,,,,,0.00200283735291663,0.0108263812131209,,,0.000384992973878227,0.0014918253968254,,0.0053846816576204,,
PH,,,,,,,,0.00263416121020546,0.000453957373402638,,,,,0.00159157377463822,0.00306972103910057,0.0150884003119116,0.00406768630003254,,,0.00376690398161751,,,0.00992063492063492,0.00210579514824798,0.00756248384595503,,0.00976062077548132
LV,,,,0.0183383050515918,0.00734052704984218,0.00239200114816055,,0.00225784601490178,,0.00497827661115134,0.0015625787539377,0.00218288184060597,0.0292722908494819,0.00252931293020903,,,,0.00166903112743053,0.00340095566854286,0.00627816702452255,,0.0558239812123429,0.0543024227234754,0.0355645636792453,0.0822062117687602,0.00814719261321203,0.0634440350406286
NO,0.0314987167189485,0.0687388749359928,0.183091728590571,0.094055210523742,0.141472999094668,0.302987609434053,0.233860342555995,0.121829532625875,0.203343169076424,0.167262626719768,0.282785701785089,0.238988452555063,0.180833089397576,0.149117631117776,0.204019415985572,0.345482036554518,0.0619280833062154,0.0397004089126262,0.0645331338106008,0.128669717858892,0.155917201853508,0.156082888987276,0.172047201336675,0.118463611859838,0.474754458516413,0.262520650870165,0.117118664747078
NP,,,,,,,,,,,,,0.1839972288898,,,,,,,0.00376690398161751,,0.00256661340930528,,0.00421159029649596,0.00861549065219264,0.0029097019485369,0.0153381079036627
LY,,,,,,,0.00533283926218709,,0.00113489343350659,,,0.00600292506166641,0.00917198446617099,,,,,0.00130740716014354,0.00340095566854286,,,0.00384992973878227,0.0100250626566416,0.00360994356469003,0.00717956836391833,0.016375200850929,0.000887328274078231
PK,0.0250607160449019,0.0167202457877155,0.0016242343769034,0.0393253948848355,0.035071325454501,0.112424053963546,0.14987389422172,0.0459094603748024,0.0749029666114352,0.026249094858798,0.0528307665383269,0.111378926458711,0.0786774778994204,0.100731694097668,0.103648747170101,0.107333536202666,0.178272860397006,0.357835266627723,0.262052136650399,0.292776961615248,0.473947240061784,0.443546555275366,0.407936507936508,0.539814268867925,0.482519169466701,0.452599180754521,0.53398892169542
PL,0.447419179218624,0.267813513447612,0.566841271774881,0.425448677196929,0.905067410506741,1.01822226474669,0.979743083003953,1.139697448634,1.169875388701,1.0274981897176,1.25401207560378,1.10479797428565,0.91261440587007,1.03368141496992,0.972297686197767,1.31606915308393,1.17840872111943,1.22571643161145,1.22074412910028,1.0333804196331,1.45257499390293,1.40214633582937,1.4193671679198,1.12636034366577,1.41942577754803,1.28080430895965,1.52721505087724
AE,0.00518497394550592,,0.00121817517358996,,,0.0239200114816055,0.00705815923207228,0.00112892300745089,,0.011314265025344,0.0205999956247812,0.00291050184453516,,0.019873173023071,0.013430029546065,,0.00203384315001627,0.00166903112743053,0.00113365245634023,,0.0125812535566214,0.0115131186355849,0.00440202589807853,0.00813237028301887,0.00942233135177048,0.00867524385000113,0.00786950050023181
AF,,,,,,,,,,,,,,,,0.00095094999904905,,,,,,,,,,,
,0.015079641199803,0.0101598839335788,0.00438543062492386,0.0585194875055015,0.0121235166018253,0.0484779696694254,0.00966294936947111,0.00188153759313615,0.0108445422974783,0.00739199402606807,0.00218760938046902,0.00573785771976163,0.303063833108912,0.24716084623584,0.109983883964545,0.0176333326993667,0.00883269606247966,0.00166903112743053,,0.000269064301050966,,0.0126726789736087,0.00858627819548872,0.001871818143531,,0.000323300970873786,
TD,,,,,,,,,,,,,,,,,,,,,,,,,0.00053846816576204,,
PR,0.00518497394550592,0.0170685913535393,0.0430422706785236,0.00713157122597682,0.0195747387995791,,0.0202922077922078,0.00959584556333258,0.100059695394602,0.011314265025344,0.00218760938046902,0.0436576368121194,0.014180805183147,0.104630991310003,0.0211043321438164,0.104604499895396,0.043122356003905,0.0257030793624301,0.0207458295781114,0.0204825404000452,0.00101617754654093,0.0384992973878227,0.006265664160401,0.0297970013477089,0.00215387266304816,0.00181048724738045,0.00813384251238379
PS,0.00032406087159412,0.0219453317402648,,0.0464570394640325,,0.0191360091852844,,0.0428990742831339,0.00302637492339469,0.0117668356263577,,0.0065486455218179,,0.00406496720926451,0.00575572694831357,0.0038037999961962,,0.0199567720937996,0.0327221249171017,0.0223303951482277,0.0467441671408829,0.0411116672120734,0.0120837719298246,0.0191025732816712,0.0165848195054708,0.00603496503496504,
NZ,0.652503046172193,0.553388115383678,0.748934096723109,0.317577876668786,1.04810981428467,0.607094675405444,0.647099096555618,0.889747121246331,0.720155707379077,0.6596872737147,0.545436646832342,0.603621400973565,0.287775891341256,0.31639898104822,0.615381220981543,0.653314060746686,0.458005206638464,0.517691729950764,0.434268029316238,0.426552906166422,0.747231932363223,0.448231919767464,0.334674185463659,0.618318311994609,0.547626432325321,0.328782221015231,0.544632878651082
CA,4.01270318616649,2.7985662383263,3.19188695334389,2.69509511467553,3.3397440602902,3.23891307467828,2.69776962168267,3.15371415669451,2.72812492906916,3.67964790007241,2.83875131256563,2.51858723887276,3.37700759128076,3.85510650214088,3.99313149917501,3.88023735711976,4.02212821347218,3.05848285070517,2.59909534579217,2.39831242701624,2.74103731403951,2.85096921981174,2.6047410192147,2.59528723045822,1.70506590850349,2.18572204494535,2.30338937556429
PT,0.22886112047287,0.294874545853552,0.36660007309051,0.223591373661304,0.645445202965573,1.19468018944649,0.809175607001694,0.71678031158275,0.511780193839798,0.750599656046343,0.555388081904095,0.496075178450591,0.684450559100755,0.785915340282922,0.551281608533825,0.813630917286369,0.729655466970387,0.64943837102562,0.662473855153298,0.553360078351603,0.509704495569466,0.353294577373963,0.438059732664996,0.483020973719677,0.463526320323942,0.316615746712834,0.392562406969083
TG,,,,,,,,,,,,,,,,,,,,,,,,,,0.000377185597573947,
CD,,,,,,,,,,,,,,,,,,,,,,,,,,0.00226310905922556,
TH,0.00259248697275296,0.0170685913535393,,0.00733532202063671,0.00538305316988426,0.00979012581926039,0.0226869471108602,0.0240083540302551,0.0300476655242073,0.0524228367125272,0.0452627318865943,0.0473061055205082,0.0554840661163476,0.118305541001969,0.0914703963777292,0.280119439319881,0.0528097543117475,0.0626919803054327,0.0907934429574711,0.123211850679926,0.105539793512723,0.07568769369959,0.0786662489557226,0.0690332294474394,0.0949233221331955,0.147597709733632,0.163417681364535
RO,0.0773424416042309,0.0516934480992904,0.0259471311974662,0.0929752066115702,0.13164011842717,0.0981158206955939,0.0471924995294561,0.0960498983969293,0.0676369248927526,0.111585807385952,0.0894471911095555,0.078209600314335,0.224147688464766,0.158240501526621,0.276226929127816,0.178887198311113,0.0992928327367394,0.203615121422015,0.147586681857602,0.196118205446943,0.131112917648972,0.193730389420393,0.24797410192147,0.19322755222372,0.191051951408633,0.251922511145812,0.303994534052366
AL,,,,,0.00428197411240794,,,,,,,,,,,,,,,,0.00116134663848468,,,,,,
AM,,0.0146302211601765,0.00730905104153977,0.0635727908455181,0.0139042795272701,0.0334880160742477,0.0444496988518728,0.0294648904944683,0.0402371927276029,0.0124277244750181,0.0657844767238362,0.00523891641745432,0.0169128856624319,,0.061607574536664,0.00665664999334335,0.0851543686950862,0.0453619293999833,0.0741823252333906,0.0176573624138321,0.00880686529550443,0.0153997189551291,0.0288220551378446,0.0164252021563342,0.0782573016283277,0.052051508362188,0.0379966325858325
TJ,,,,,,,,,,0.00905141202027516,,,,,0.00230229077932543,,,0.00801134941166653,,,,,,,,,
PY,,,,,,,,,,,,,,,,,,,,,,,,,0.00123078530197295,,
VE,0.0509239623570892,0.110893175001829,0.0450724814228286,0.0456826739693873,0.0195485331180112,0.0870992202076257,0.0195537125917561,0.0396064574396026,0.125430011121956,0.0560954471397538,0.0822204235211761,0.0482218244526424,0.0476511913822376,0.0251856335025564,0.0287786347415679,,0.0380619508623495,0.019026954852708,0.0464796707874913,0.0652779975138434,0.040985895455654,0.00876929296040347,0.0560718462823726,0.0374755727762803,0.0315902041871285,0.0249804241066377,0.0234254898611552
CH,1.28596427552952,1.62731949964644,1.0714435375807,1.77267837058047,1.75198561256698,1.70984786872698,1.13103943158291,1.27796568074057,2.18356674308282,2.33752715423606,2.12136856842842,1.58996529217873,2.17848291473957,1.54895846506838,1.58300333832163,1.55802696894197,1.53882606573381,1.67724276057748,1.89747819137178,1.91038535427732,1.55674741890903,1.23383510750929,1.4225208855472,1.34650016846361,1.70556991470664,2.04095548464481,1.67804836387594
RS,0.00648121743188241,0.0185316134695569,0.032542575222317,0.0790583891632843,0.0548501309060657,0.0955319810553509,0.0522527291549031,0.0370555430119666,0.0642889892639081,0.0758809286748733,0.0640553902695135,0.117251970050861,0.0508344554378159,0.140740366027714,0.0978473581213307,0.0706765058293235,0.277326716563619,0.209476758741551,0.260135698131175,0.287362037141673,0.292203885862938,0.33442992165393,0.514647034252297,0.147749536725067,0.34065865426036,0.26811958268269,0.343612893780044
CI,,,,,,,,,,,,,,,0.000319763247764859,,,,,,,,,,,,
EC,,,,,,,,,,,,,,,,,,,0.00276327648069107,0.00565035597242626,0.0030485326396228,0.0137955879805194,0.0060045948203843,0.0017046917115903,0.00410261049366761,0.00301747120193722,
TN,,,0.0114508466317456,,0.00244684234994739,,0.00705815923207228,0.00978399187175435,0.00249676555371451,0.00867426230992035,0.0579716485824291,0.00938639191460566,0.037403547801651,0.0295387617206555,0.0242653773838302,0.00470946575629053,0.00772860397006183,0.0507106734540599,0.0533261346438349,0.0761814894338343,0.0667289244776847,0.0780977497160677,0.0613984962406015,0.068655028638814,0.0654540363573706,0.0586047932649874,0.139733779068349
RU,1.49778083115132,1.67073711930945,1.46300889267877,1.17036529903663,1.77494433433654,3.16246471798306,2.71080368906456,3.06215850079025,2.66647751776108,3.47386404779146,3.35933671683584,3.42799764248761,3.07290751907578,3.23703275460245,3.33939603238556,3.27446318872554,3.10761064106736,2.97977134273554,2.63092829084973,3.03975967152597,3.36060076416551,3.68301603495736,4.08460735171262,4.21578082884097,4.75962781080383,4.26281485504787,5.19101534857617
AR,0.139204106499365,0.033649508668406,0.065885978803752,0.142127732407453,0.169939073625486,0.171499784719897,0.252583286278938,0.138332580717995,0.180972376693828,0.222336169442433,0.219572541127056,0.167403680338783,0.358919267021837,0.154488807790284,0.1959057595641,0.183475151676525,0.30254637162382,0.248061420345489,0.250982025949292,0.154427618939993,0.221563287537599,0.158649252151148,0.134831035923141,0.108070670485175,0.146609158266563,0.086466834136737,0.122768844098485
RW,,,,,,,,,,,,,,,,,,,,,,,0.00939849624060151,,0.0336363832170242,0.000905243623690226,0.00681210805007198
VI,,,,,,,,,,,,,,,,,,,,,0.00254044386635233,0.00128331055458238,,,,,
EE,,,0.00182726276038494,0.0116142598660081,,,0.00156848061358931,0.00483824791149244,0.00302637492339469,,,0.00187104188950252,0.00370782350760104,0.0229703167061119,0.000719465868539197,0.0342341999657658,,,0.0136038226741714,0.0131841639356613,0.00406471018616373,0.0673737704286897,0.0193937134502924,0.0430184467654987,0.00933344102696649,0.0260581166406409,0.0105739977062541
CL,0.224676068752755,0.226141523006023,0.0954238031428919,0.169314880923273,0.124789938584257,0.101839448882935,0.265433841520798,0.255502370738316,0.344256304333023,0.112325534033309,0.149653263913196,0.129143437165746,0.117987627578401,0.170084912648371,0.153964928437128,0.20492972479507,0.0913630816791409,0.13786797963782,0.107084870848708,0.149415564847252,0.0866502723355825,0.240035419353597,0.117488095238095,0.184540304919137,0.193279055742225,0.24260755425804,0.147033991361851
CM,0.00777746091825889,,0.00121817517358996,,,,,,,,,,0.00748069004546963,0.00451663023251612,,,,0.00667612450972211,0.000283413539204517,,0.0070455044305341,0.00153997189551291,0.0106168128654971,,0.00606674851382786,0.00643908841967094,0.0273704887630853
AT,0.558286884608405,0.500692497134915,0.506558655134608,0.563922441195168,0.471044067630723,0.47812754150122,0.394167607754564,0.533384511176338,0.50550196336564,0.77467414916727,0.658660745537277,0.696782432166947,0.591011455223152,0.584441112175029,0.482984152565136,0.794096502405904,0.67628335502766,0.560924643244597,0.618708657132654,0.834958752401401,0.649229737419722,0.48890257752796,0.594465329991646,0.656953335579515,0.78071637804773,0.7462896326974,0.413455015739001
TR,0.249742825292303,0.324303235717247,0.213911560482397,0.343904347400851,0.236935819325161,0.725637468305985,0.483147468473555,0.502562655226914,0.60314592459768,0.532600923244026,0.70088816940847,1.00665560673201,0.65855238764319,0.751930407761377,0.87160316181267,0.915555640084444,0.927619589977221,1.13292497705082,1.09865832298876,0.989652314762497,0.934879278107471,0.975239176885022,1.2781537176274,1.26314858490566,1.21073920909796,1.55859868287053,1.23845928601059
EG,0.269662717444845,0.286001316719904,0.257441832135461,0.456486869773583,0.414495094081088,0.743314356790891,0.500261151891587,0.597952133664484,0.790273963274848,0.493829199855177,0.354392719635982,0.520180742616402,0.477300314189255,0.412906722552438,0.467888799355359,0.707204397192796,0.730426293524244,0.596463323040975,0.70947506249256,0.847491241948243,0.721311275506056,0.974509615199523,0.95109649122807,0.810739555256065,1.09920737486,0.92320365718424,0.972199311876235
AU,1.49629792860291,1.31688815195923,1.92542087952248,1.18705804684826,2.4699650101544,2.46553126345501,2.10363495200452,2.05192594265071,2.18266336790975,1.99564627081825,2.39707297864893,2.04146820632599,1.58350213687723,1.50859605065852,1.94445723494877,1.60538047509462,1.88632443865929,1.39633480764416,1.43285663271379,1.57926696048518,1.48325339403301,1.62278580915898,1.43892857142857,1.64103984164421,1.86173429826829,1.35275533527961,1.71969693272492
CN,1.84294195421668,2.8315573870425,2.42652454622975,2.54645703946403,3.37855097996036,3.64234798832704,3.70405138339921,5.0919394897268,5.44678484690288,5.89846578566256,7.6748993699685,8.0082731221759,7.98911070780399,8.35802424527109,8.92536740723687,10.6295288993705,10.2374308493329,11.5025953434032,12.4438587243015,13.39140015821,14.1580765791399,14.2210244663035,14.3280492898914,15.2207715633423,14.0464805720686,15.9866023943694,18.3472096825358
GA,,,,0.00311196146510832,,,,,,,,,,,,0.00171170999828829,,,,0.00706294496553283,,,,,0.00053846816576204,,
CO,0.00870334171570788,0.00731511058008827,,,0.0161928601140229,,0.00168051477507999,0.00903138405960714,0.00174287173434415,,,0.00208365894654122,,0.00464567939151958,0.00130811941214842,0.00285284999714715,,0.00111268797463073,0.0122069991667659,0.0347363167212868,0.01490393057475,0.0199951875878265,0.0394885129490393,0.0436367082210243,0.03189088481089,0.0580322266730034,0.020961396744833
TT,,,,0.0228209936916231,,0.00950820456393819,,0.00225784601490178,0.0136187212020791,,,0.0152801728842418,0.000975743028316063,,0.00383715129887571,0.00883025542516975,0.00711845102505695,0.00421051489610281,0.0147091332664479,0.012982370889366,,0.00128331055458238,0.00469924812030075,,0.00143591582665633,,
GB,3.79101962512638,4.26402672453732,4.26319892800585,4.36473666193946,7.96444738065526,6.75993876477061,6.93193581780538,6.98360803793181,7.37319835667431,6.00038468501086,7.60658032901645,6.80856126257886,6.07802041254415,5.79476432223447,6.31664172518322,6.33347914566652,5.49239342661894,5.24132521071518,5.30977604706923,5.39290691980261,4.90395089830095,5.0486823615469,5.19028822055138,5.22871041105121,4.02838804169898,4.35204924525313,4.24189258436837
VN,,0.000812789251664188,,,,,,,,,,0.0261945820872716,0.00585445816989638,0.00744169030369822,,0.0190008938929991,0.0314285714285714,0.00262276558457815,0.000309177478871563,0.121294308208084,0.00232269734167954,0.0509657548749735,0.0434095655806182,0.0786689268867925,0.137663263547859,0.0236549211306493,0.11805714843464
CR,0.00259248697275296,0.0292604423203531,0.00487270069435985,0.0220059660619101,0.00856394822481587,0.0382720183705688,0.0117635987201205,,,,,0.00349261094496955,,,0.000959287824718929,,,0.0123091045648001,0.0391109901882429,0.00729837646438392,,,,0.00240662904312668,0.00278209270267942,,
ZA,0.390472610375133,0.284435883055766,0.467981483737361,0.19552716514255,0.51024737576158,0.362945510213845,0.478425559947299,0.479128471438248,0.654152575073201,0.573334540188269,0.399512163108155,0.967062495907097,0.56194797338173,0.600699174359993,0.639908292083957,0.779394815420605,0.646391962251871,0.954679128765752,0.820722022888432,0.82922740799337,0.976790504837005,1.02701495697704,0.93187134502924,0.851065532345014,1.01959162574309,0.774558127956186,0.785444474268563
